col0,col1,col2,col3
-0.722876,-1.330682,1.309208,0.232378
1.160396,-0.730879,0.677368,1.044722
-1.062870,-0.503704,-0.238536,-1.417937
0.437078,0.362640,-0.111228,-1.649853